CaseID;Prefix length;Ground truth;Predicted
4122;2;b'Resolve ticket';b'Resolve ticket'
4123;2;b'Wait';b'Resolve ticket'
4124;2;b'Resolve ticket';b'Resolve ticket'
4125;2;b'Wait';b'Resolve ticket'
4126;2;b'Resolve ticket';b'Resolve ticket'
4127;2;b'Take in charge ticket';b'Take in charge ticket'
4128;2;b'Resolve ticket';b'Resolve ticket'
4129;2;b'Take in charge ticket';b'Take in charge ticket'
4130;2;b'Resolve ticket';b'Resolve ticket'
4131;2;b'Resolve ticket';b'Resolve ticket'
4132;2;b'Resolve ticket';b'Resolve ticket'
4133;2;b'Take in charge ticket';b'Take in charge ticket'
4134;2;b'Resolve ticket';b'Resolve ticket'
4135;2;b'Resolve ticket';b'Resolve ticket'
4136;2;b'Take in charge ticket';b'Take in charge ticket'
4137;2;b'Resolve ticket';b'Resolve ticket'
4138;2;b'Closed';b'Closed'
4139;2;b'Resolve ticket';b'Resolve ticket'
4140;2;b'Resolve ticket';b'Resolve ticket'
4141;2;b'Wait';b'Resolve ticket'
4142;2;b'Take in charge ticket';b'Take in charge ticket'
4143;2;b'Resolve ticket';b'Resolve ticket'
4144;2;b'Resolve ticket';b'Resolve ticket'
4145;2;b'Resolve ticket';b'Resolve ticket'
4146;2;b'Wait';b'Resolve ticket'
4147;2;b'Resolve ticket';b'Resolve ticket'
4148;2;b'Wait';b'Resolve ticket'
4149;2;b'Take in charge ticket';b'Take in charge ticket'
4150;2;b'Resolve ticket';b'Resolve ticket'
4151;2;b'Take in charge ticket';b'Take in charge ticket'
4152;2;b'Wait';b'Resolve ticket'
4153;2;b'Resolve ticket';b'Resolve ticket'
4154;2;b'Wait';b'Resolve ticket'
4155;2;b'Wait';b'Resolve ticket'
4156;2;b'Wait';b'Resolve ticket'
4157;2;b'Resolve ticket';b'Resolve ticket'
4158;2;b'Resolve ticket';b'Resolve ticket'
4159;2;b'Resolve ticket';b'Resolve ticket'
4160;2;b'Resolve ticket';b'Resolve ticket'
4161;2;b'Resolve ticket';b'Resolve ticket'
4162;2;b'Resolve ticket';b'Resolve ticket'
4163;2;b'Wait';b'Resolve ticket'
4164;2;b'Take in charge ticket';b'Take in charge ticket'
4165;2;b'Wait';b'Resolve ticket'
4166;2;b'Resolve ticket';b'Resolve ticket'
4167;2;b'Resolve ticket';b'Resolve ticket'
4168;2;b'Resolve ticket';b'Resolve ticket'
4169;2;b'Resolve ticket';b'Resolve ticket'
4170;2;b'Resolve ticket';b'Resolve ticket'
4171;2;b'Wait';b'Resolve ticket'
4172;2;b'Resolve ticket';b'Resolve ticket'
4173;2;b'Resolve ticket';b'Resolve ticket'
4174;2;b'Resolve ticket';b'Resolve ticket'
4175;2;b'Resolve ticket';b'Resolve ticket'
4176;2;b'Wait';b'Resolve ticket'
4177;2;b'Take in charge ticket';b'Take in charge ticket'
4178;2;b'Take in charge ticket';b'Take in charge ticket'
4179;2;b'Resolve ticket';b'Resolve ticket'
4180;2;b'Wait';b'Resolve ticket'
4181;2;b'Resolve ticket';b'Resolve ticket'
4182;2;b'Resolve ticket';b'Resolve ticket'
4183;2;b'Wait';b'Resolve ticket'
4184;2;b'Require upgrade';b'Resolve ticket'
4185;2;b'Resolve ticket';b'Resolve ticket'
4186;2;b'Wait';b'Resolve ticket'
4187;2;b'Resolve ticket';b'Resolve ticket'
4188;2;b'Resolve ticket';b'Resolve ticket'
4189;2;b'Resolve ticket';b'Resolve ticket'
4190;2;b'Resolve ticket';b'Closed'
4191;2;b'Resolve ticket';b'Resolve ticket'
4192;2;b'Resolve ticket';b'Resolve ticket'
4193;2;b'Resolve ticket';b'Resolve ticket'
4194;2;b'Wait';b'Resolve ticket'
4195;2;b'Resolve ticket';b'Resolve ticket'
4196;2;b'Assign seriousness';b'Take in charge ticket'
4197;2;b'Resolve ticket';b'Resolve ticket'
4198;2;b'Resolve ticket';b'Resolve ticket'
4199;2;b'Resolve ticket';b'Resolve ticket'
4200;2;b'Resolve ticket';b'Resolve ticket'
4201;2;b'Resolve ticket';b'Resolve ticket'
4202;2;b'Resolve ticket';b'Resolve ticket'
4203;2;b'Resolve ticket';b'Closed'
4204;2;b'Resolve ticket';b'Resolve ticket'
4205;2;b'Resolve ticket';b'Resolve ticket'
4206;2;b'Assign seriousness';b'Take in charge ticket'
4207;2;b'Resolve ticket';b'Resolve ticket'
4208;2;b'Resolve ticket';b'Resolve ticket'
4209;2;b'Resolve ticket';b'Resolve ticket'
4210;2;b'Resolve ticket';b'Resolve ticket'
4211;2;b'Resolve ticket';b'Resolve ticket'
4212;2;b'Take in charge ticket';b'Take in charge ticket'
4213;2;b'Resolve ticket';b'Resolve ticket'
4214;2;b'Resolve ticket';b'Take in charge ticket'
4215;2;b'Resolve ticket';b'Resolve ticket'
4216;2;b'Resolve ticket';b'Resolve ticket'
4217;2;b'Resolve ticket';b'Resolve ticket'
4218;2;b'Take in charge ticket';b'Take in charge ticket'
4219;2;b'Resolve ticket';b'Resolve ticket'
4220;2;b'Wait';b'Resolve ticket'
4221;2;b'Wait';b'Resolve ticket'
4222;2;b'Take in charge ticket';b'Take in charge ticket'
4223;2;b'Resolve ticket';b'Resolve ticket'
4224;2;b'Resolve ticket';b'Resolve ticket'
4225;2;b'Resolve ticket';b'Resolve ticket'
4226;2;b'Resolve ticket';b'Resolve ticket'
4227;2;b'Take in charge ticket';b'Resolve ticket'
4228;2;b'Resolve ticket';b'Resolve ticket'
4229;2;b'Wait';b'Resolve ticket'
4230;2;b'Closed';b'Closed'
4231;2;b'Resolve ticket';b'Resolve ticket'
4232;2;b'Resolve ticket';b'Resolve ticket'
4233;2;b'Resolve ticket';b'Resolve ticket'
4234;2;b'Closed';b'Closed'
4235;2;b'Resolve ticket';b'Resolve ticket'
4236;2;b'Take in charge ticket';b'Take in charge ticket'
4237;2;b'Resolve ticket';b'Resolve ticket'
4238;2;b'Resolve ticket';b'Resolve ticket'
4239;2;b'Resolve ticket';b'Resolve ticket'
4240;2;b'Resolve ticket';b'Resolve ticket'
4241;2;b'Closed';b'Closed'
4242;2;b'Take in charge ticket';b'Take in charge ticket'
4243;2;b'Wait';b'Resolve ticket'
4244;2;b'Wait';b'Resolve ticket'
4245;2;b'Resolve ticket';b'Resolve ticket'
4246;2;b'Resolve ticket';b'Resolve ticket'
4247;2;b'Closed';b'Closed'
4248;2;b'Resolve ticket';b'Resolve ticket'
4249;2;b'Wait';b'Resolve ticket'
4250;2;b'Resolve ticket';b'Resolve ticket'
4251;2;b'Resolve ticket';b'Resolve ticket'
4252;2;b'Wait';b'Resolve ticket'
4253;2;b'Wait';b'Resolve ticket'
4254;2;b'Resolve ticket';b'Resolve ticket'
4255;2;b'Resolve ticket';b'Resolve ticket'
4256;2;b'Wait';b'Resolve ticket'
4257;2;b'Resolve ticket';b'Resolve ticket'
4258;2;b'Take in charge ticket';b'Resolve ticket'
4259;2;b'Resolve ticket';b'Resolve ticket'
4260;2;b'Wait';b'Resolve ticket'
4261;2;b'Resolve ticket';b'Resolve ticket'
4262;2;b'Wait';b'Resolve ticket'
4263;2;b'Resolve ticket';b'Resolve ticket'
4264;2;b'Closed';b'Closed'
4265;2;b'Take in charge ticket';b'Take in charge ticket'
4266;2;b'Resolve ticket';b'Resolve ticket'
4267;2;b'Resolve ticket';b'Resolve ticket'
4268;2;b'Wait';b'Resolve ticket'
4269;2;b'Resolve ticket';b'Resolve ticket'
4270;2;b'Resolve ticket';b'Resolve ticket'
4271;2;b'Resolve ticket';b'Resolve ticket'
4272;2;b'Take in charge ticket';b'Take in charge ticket'
4273;2;b'Resolve ticket';b'Resolve ticket'
4274;2;b'Wait';b'Resolve ticket'
4275;2;b'Resolve ticket';b'Resolve ticket'
4276;2;b'Resolve ticket';b'Resolve ticket'
4277;2;b'Resolve ticket';b'Resolve ticket'
4278;2;b'Take in charge ticket';b'Take in charge ticket'
4279;2;b'Wait';b'Resolve ticket'
4280;2;b'Resolve ticket';b'Resolve ticket'
4281;2;b'Resolve ticket';b'Resolve ticket'
4282;2;b'Resolve ticket';b'Resolve ticket'
4283;2;b'Take in charge ticket';b'Take in charge ticket'
4284;2;b'Take in charge ticket';b'Take in charge ticket'
4285;2;b'Resolve ticket';b'Resolve ticket'
4286;2;b'Take in charge ticket';b'Take in charge ticket'
4287;2;b'Resolve ticket';b'Resolve ticket'
4288;2;b'Closed';b'Closed'
4289;2;b'Resolve ticket';b'Resolve ticket'
4290;2;b'Closed';b'Closed'
4291;2;b'Resolve ticket';b'Resolve ticket'
4292;2;b'Resolve ticket';b'Resolve ticket'
4293;2;b'Take in charge ticket';b'Take in charge ticket'
4294;2;b'Resolve ticket';b'Resolve ticket'
4295;2;b'Resolve ticket';b'Resolve ticket'
4296;2;b'Resolve ticket';b'Resolve ticket'
4297;2;b'Closed';b'Closed'
4298;2;b'Resolve ticket';b'Resolve ticket'
4299;2;b'Wait';b'Resolve ticket'
4300;2;b'Wait';b'Resolve ticket'
4301;2;b'Resolve ticket';b'Resolve ticket'
4302;2;b'Resolve ticket';b'Resolve ticket'
4303;2;b'Take in charge ticket';b'Resolve ticket'
4304;2;b'Wait';b'Resolve ticket'
4305;2;b'Resolve ticket';b'Resolve ticket'
4306;2;b'Resolve ticket';b'Resolve ticket'
4307;2;b'Resolve ticket';b'Resolve ticket'
4308;2;b'Wait';b'Resolve ticket'
4309;2;b'Resolve ticket';b'Resolve ticket'
4310;2;b'Resolve ticket';b'Resolve ticket'
4311;2;b'Resolve ticket';b'Resolve ticket'
4312;2;b'Resolve ticket';b'Resolve ticket'
4313;2;b'Wait';b'Resolve ticket'
4314;2;b'Resolve ticket';b'Resolve ticket'
4315;2;b'Resolve ticket';b'Resolve ticket'
4316;2;b'Resolve ticket';b'Closed'
4317;2;b'Resolve ticket';b'Resolve ticket'
4318;2;b'Resolve ticket';b'Resolve ticket'
4319;2;b'Resolve ticket';b'Resolve ticket'
4320;2;b'Resolve ticket';b'Resolve ticket'
4321;2;b'Take in charge ticket';b'Take in charge ticket'
4322;2;b'Wait';b'Resolve ticket'
4323;2;b'Resolve ticket';b'Resolve ticket'
4324;2;b'Resolve ticket';b'Resolve ticket'
4325;2;b'Wait';b'Resolve ticket'
4326;2;b'Wait';b'Resolve ticket'
4327;2;b'Resolve ticket';b'Resolve ticket'
4328;2;b'Take in charge ticket';b'Take in charge ticket'
4329;2;b'Wait';b'Resolve ticket'
4330;2;b'Resolve ticket';b'Resolve ticket'
4331;2;b'Resolve ticket';b'Resolve ticket'
4332;2;b'Resolve ticket';b'Resolve ticket'
4333;2;b'Resolve ticket';b'Resolve ticket'
4334;2;b'Resolve ticket';b'Resolve ticket'
4335;2;b'Wait';b'Resolve ticket'
4336;2;b'Wait';b'Resolve ticket'
4337;2;b'Wait';b'Resolve ticket'
4338;2;b'Take in charge ticket';b'Take in charge ticket'
4339;2;b'Resolve ticket';b'Resolve ticket'
4340;2;b'Resolve ticket';b'Resolve ticket'
4341;2;b'Resolve ticket';b'Resolve ticket'
4342;2;b'Resolve ticket';b'Resolve ticket'
4343;2;b'Resolve ticket';b'Resolve ticket'
4344;2;b'Resolve ticket';b'Resolve ticket'
4345;2;b'Resolve ticket';b'Resolve ticket'
4346;2;b'Resolve ticket';b'Resolve ticket'
4347;2;b'Require upgrade';b'Resolve ticket'
4348;2;b'Resolve ticket';b'Resolve ticket'
4349;2;b'Take in charge ticket';b'Take in charge ticket'
4350;2;b'Wait';b'Resolve ticket'
4351;2;b'Wait';b'Resolve ticket'
4352;2;b'Take in charge ticket';b'Resolve ticket'
4353;2;b'Require upgrade';b'Resolve ticket'
4354;2;b'Resolve ticket';b'Resolve ticket'
4355;2;b'Wait';b'Resolve ticket'
4356;2;b'Resolve ticket';b'Closed'
4357;2;b'Resolve ticket';b'Resolve ticket'
4358;2;b'Wait';b'Resolve ticket'
4359;2;b'Resolve ticket';b'Resolve ticket'
4360;2;b'Require upgrade';b'Resolve ticket'
4361;2;b'Resolve ticket';b'Resolve ticket'
4362;2;b'Assign seriousness';b'Take in charge ticket'
4363;2;b'Resolve ticket';b'Resolve ticket'
4364;2;b'Wait';b'Resolve ticket'
4365;2;b'Resolve ticket';b'Resolve ticket'
4366;2;b'Closed';b'Closed'
4367;2;b'Resolve ticket';b'Resolve ticket'
4368;2;b'Wait';b'Resolve ticket'
4369;2;b'Wait';b'Wait'
4370;2;b'Resolve ticket';b'Closed'
4371;2;b'Closed';b'Closed'
4372;2;b'Resolve ticket';b'Resolve ticket'
4373;2;b'Resolve ticket';b'Resolve ticket'
4374;2;b'Take in charge ticket';b'Take in charge ticket'
4375;2;b'Resolve ticket';b'Resolve ticket'
4376;2;b'Resolve ticket';b'Resolve ticket'
4377;2;b'Take in charge ticket';b'Take in charge ticket'
4378;2;b'Resolve ticket';b'Resolve ticket'
4379;2;b'Resolve ticket';b'Resolve ticket'
4380;2;b'Wait';b'Resolve ticket'
4381;2;b'Resolve ticket';b'Resolve ticket'
4382;2;b'Resolve ticket';b'Resolve ticket'
4383;2;b'Resolve ticket';b'Resolve ticket'
4384;2;b'Take in charge ticket';b'Take in charge ticket'
4385;2;b'Resolve ticket';b'Resolve ticket'
4386;2;b'Assign seriousness';b'Take in charge ticket'
4387;2;b'Closed';b'Closed'
4388;2;b'Require upgrade';b'Resolve ticket'
4389;2;b'Resolve ticket';b'Resolve ticket'
4390;2;b'Resolve ticket';b'Resolve ticket'
4391;2;b'Take in charge ticket';b'Take in charge ticket'
4392;2;b'Resolve ticket';b'Resolve ticket'
4393;2;b'Resolve ticket';b'Resolve ticket'
4394;2;b'Wait';b'Resolve ticket'
4395;2;b'Resolve ticket';b'Resolve ticket'
4396;2;b'Resolve ticket';b'Resolve ticket'
4397;2;b'Wait';b'Resolve ticket'
4398;2;b'Take in charge ticket';b'Resolve ticket'
4399;2;b'Wait';b'Resolve ticket'
4400;2;b'Resolve ticket';b'Resolve ticket'
4401;2;b'Wait';b'Resolve ticket'
4402;2;b'Resolve ticket';b'Resolve ticket'
4403;2;b'Wait';b'Resolve ticket'
4404;2;b'Resolve ticket';b'Resolve ticket'
4405;2;b'Take in charge ticket';b'Resolve ticket'
4406;2;b'Wait';b'Resolve ticket'
4407;2;b'Resolve ticket';b'Resolve ticket'
4408;2;b'Wait';b'Resolve ticket'
4409;2;b'Wait';b'Resolve ticket'
4410;2;b'Wait';b'Resolve ticket'
4411;2;b'Take in charge ticket';b'Take in charge ticket'
4412;2;b'Resolve ticket';b'Resolve ticket'
4413;2;b'Take in charge ticket';b'Resolve ticket'
4414;2;b'Resolve ticket';b'Resolve ticket'
4415;2;b'Take in charge ticket';b'Resolve ticket'
4416;2;b'Resolve ticket';b'Take in charge ticket'
4417;2;b'Resolve ticket';b'Resolve ticket'
4418;2;b'Resolve ticket';b'Take in charge ticket'
4419;2;b'Resolve ticket';b'Resolve ticket'
4420;2;b'Wait';b'Resolve ticket'
4421;2;b'Resolve ticket';b'Resolve ticket'
4422;2;b'Take in charge ticket';b'Take in charge ticket'
4423;2;b'Wait';b'Resolve ticket'
4424;2;b'Resolve ticket';b'Resolve ticket'
4425;2;b'Wait';b'Resolve ticket'
4426;2;b'Wait';b'Resolve ticket'
4427;2;b'Resolve ticket';b'Resolve ticket'
4428;2;b'Resolve ticket';b'Resolve ticket'
4429;2;b'Resolve ticket';b'Resolve ticket'
4430;2;b'Wait';b'Resolve ticket'
4431;2;b'Resolve ticket';b'Resolve ticket'
4432;2;b'Resolve ticket';b'Resolve ticket'
4433;2;b'Wait';b'Resolve ticket'
4434;2;b'Resolve ticket';b'Resolve ticket'
4435;2;b'Resolve ticket';b'Resolve ticket'
4436;2;b'Resolve ticket';b'Resolve ticket'
4437;2;b'Resolve ticket';b'Resolve ticket'
4438;2;b'Resolve ticket';b'Resolve ticket'
4439;2;b'Resolve ticket';b'Resolve ticket'
4440;2;b'Resolve ticket';b'Resolve ticket'
4441;2;b'Assign seriousness';b'Take in charge ticket'
4442;2;b'Resolve ticket';b'Resolve ticket'
4443;2;b'Resolve ticket';b'Resolve ticket'
4444;2;b'Resolve ticket';b'Resolve ticket'
4445;2;b'Resolve ticket';b'Resolve ticket'
4446;2;b'Resolve ticket';b'Resolve ticket'
4447;2;b'Resolve ticket';b'Resolve ticket'
4448;2;b'Resolve ticket';b'Resolve ticket'
4449;2;b'Take in charge ticket';b'Take in charge ticket'
4450;2;b'Resolve ticket';b'Resolve ticket'
4451;2;b'Resolve ticket';b'Resolve ticket'
4452;2;b'Wait';b'Resolve ticket'
4453;2;b'Wait';b'Resolve ticket'
4454;2;b'Resolve ticket';b'Resolve ticket'
4455;2;b'Wait';b'Resolve ticket'
4456;2;b'Resolve ticket';b'Resolve ticket'
4457;2;b'Take in charge ticket';b'Resolve ticket'
4458;2;b'Wait';b'Resolve ticket'
4459;2;b'Resolve ticket';b'Resolve ticket'
4460;2;b'Resolve ticket';b'Resolve ticket'
4461;2;b'Resolve ticket';b'Resolve ticket'
4462;2;b'Create SW anomaly';b'Resolve ticket'
4463;2;b'Take in charge ticket';b'Take in charge ticket'
4464;2;b'Wait';b'Resolve ticket'
4465;2;b'Resolve ticket';b'Take in charge ticket'
4466;2;b'Assign seriousness';b'Take in charge ticket'
4467;2;b'Closed';b'Closed'
4468;2;b'Resolve ticket';b'Resolve ticket'
4469;2;b'Resolve ticket';b'Resolve ticket'
4470;2;b'Resolve ticket';b'Resolve ticket'
4471;2;b'Resolve ticket';b'Resolve ticket'
4472;2;b'Resolve ticket';b'Resolve ticket'
4473;2;b'Resolve ticket';b'Resolve ticket'
4474;2;b'Resolve ticket';b'Resolve ticket'
4475;2;b'Resolve ticket';b'Resolve ticket'
4476;2;b'Resolve ticket';b'Resolve ticket'
4477;2;b'Wait';b'Resolve ticket'
4478;2;b'Closed';b'Closed'
4479;2;b'Resolve ticket';b'Resolve ticket'
4480;2;b'Wait';b'Resolve ticket'
4481;2;b'Wait';b'Resolve ticket'
4482;2;b'Resolve ticket';b'Resolve ticket'
4483;2;b'Resolve ticket';b'Resolve ticket'
4484;2;b'Wait';b'Resolve ticket'
4485;2;b'Resolve ticket';b'Resolve ticket'
4486;2;b'Resolve ticket';b'Resolve ticket'
4487;2;b'Resolve ticket';b'Resolve ticket'
4488;2;b'Resolve ticket';b'Resolve ticket'
4489;2;b'Wait';b'Resolve ticket'
4490;2;b'Resolve ticket';b'Resolve ticket'
4491;2;b'Wait';b'Resolve ticket'
4492;2;b'Resolve ticket';b'Closed'
4493;2;b'Resolve ticket';b'Resolve ticket'
4494;2;b'Closed';b'Closed'
4495;2;b'Take in charge ticket';b'Take in charge ticket'
4496;2;b'Take in charge ticket';b'Take in charge ticket'
4497;2;b'Wait';b'Resolve ticket'
4498;2;b'Take in charge ticket';b'Take in charge ticket'
4499;2;b'Resolve ticket';b'Resolve ticket'
4500;2;b'Take in charge ticket';b'Resolve ticket'
4501;2;b'Resolve ticket';b'Resolve ticket'
4502;2;b'Wait';b'Resolve ticket'
4503;2;b'Resolve ticket';b'Resolve ticket'
4504;2;b'Resolve ticket';b'Resolve ticket'
4505;2;b'Wait';b'Resolve ticket'
4506;2;b'Take in charge ticket';b'Take in charge ticket'
4507;2;b'Resolve ticket';b'Resolve ticket'
4508;2;b'Resolve ticket';b'Resolve ticket'
4509;2;b'Resolve ticket';b'Resolve ticket'
4510;2;b'Require upgrade';b'Resolve ticket'
4511;2;b'Resolve ticket';b'Take in charge ticket'
4512;2;b'Closed';b'Closed'
4513;2;b'Wait';b'Resolve ticket'
4514;2;b'Resolve ticket';b'Resolve ticket'
4515;2;b'Resolve ticket';b'Resolve ticket'
4516;2;b'Resolve ticket';b'Resolve ticket'
4517;2;b'Wait';b'Resolve ticket'
4518;2;b'Wait';b'Resolve ticket'
4519;2;b'Resolve ticket';b'Resolve ticket'
4520;2;b'Resolve ticket';b'Resolve ticket'
4521;2;b'Wait';b'Resolve ticket'
4522;2;b'Resolve ticket';b'Resolve ticket'
4523;2;b'Resolve ticket';b'Resolve ticket'
4524;2;b'Resolve ticket';b'Resolve ticket'
4525;2;b'Resolve ticket';b'Resolve ticket'
4526;2;b'Closed';b'Closed'
4527;2;b'Wait';b'Closed'
4528;2;b'Resolve ticket';b'Resolve ticket'
4529;2;b'Resolve ticket';b'Take in charge ticket'
4530;2;b'Closed';b'Closed'
4531;2;b'Closed';b'Closed'
4532;2;b'Resolve ticket';b'Resolve ticket'
4533;2;b'Resolve ticket';b'Resolve ticket'
4534;2;b'Resolve ticket';b'Resolve ticket'
4535;2;b'Closed';b'Closed'
4536;2;b'Resolve ticket';b'Resolve ticket'
4537;2;b'Take in charge ticket';b'Resolve ticket'
4538;2;b'Take in charge ticket';b'Take in charge ticket'
4539;2;b'Resolve ticket';b'Resolve ticket'
4540;2;b'Resolve ticket';b'Resolve ticket'
4541;2;b'Resolve ticket';b'Resolve ticket'
4542;2;b'Take in charge ticket';b'Resolve ticket'
4543;2;b'Resolve ticket';b'Resolve ticket'
4544;2;b'Wait';b'Resolve ticket'
4545;2;b'Resolve ticket';b'Take in charge ticket'
4546;2;b'Resolve ticket';b'Resolve ticket'
4547;2;b'Resolve ticket';b'Resolve ticket'
4548;2;b'Resolve ticket';b'Resolve ticket'
4549;2;b'Resolve ticket';b'Resolve ticket'
4550;2;b'Wait';b'Resolve ticket'
4551;2;b'Resolve ticket';b'Resolve ticket'
4552;2;b'Resolve ticket';b'Resolve ticket'
4553;2;b'Wait';b'Resolve ticket'
4554;2;b'Resolve ticket';b'Resolve ticket'
4555;2;b'Resolve ticket';b'Resolve ticket'
4556;2;b'Resolve ticket';b'Resolve ticket'
4557;2;b'Wait';b'Resolve ticket'
4558;2;b'Resolve ticket';b'Resolve ticket'
4559;2;b'Resolve ticket';b'Resolve ticket'
4560;2;b'Wait';b'Resolve ticket'
4561;2;b'Take in charge ticket';b'Resolve ticket'
4562;2;b'Wait';b'Resolve ticket'
4563;2;b'Take in charge ticket';b'Take in charge ticket'
4564;2;b'Assign seriousness';b'Take in charge ticket'
4565;2;b'Resolve ticket';b'Resolve ticket'
4566;2;b'Wait';b'Resolve ticket'
4567;2;b'Resolve ticket';b'Resolve ticket'
4568;2;b'Wait';b'Resolve ticket'
4569;2;b'Resolve ticket';b'Resolve ticket'
4570;2;b'Resolve ticket';b'Resolve ticket'
4571;2;b'Resolve ticket';b'Resolve ticket'
4572;2;b'Wait';b'Resolve ticket'
4573;2;b'Resolve ticket';b'Resolve ticket'
4574;2;b'Wait';b'Resolve ticket'
4575;2;b'Resolve ticket';b'Resolve ticket'
4576;2;b'Resolve ticket';b'Resolve ticket'
4577;2;b'Closed';b'Closed'
4578;2;b'Resolve ticket';b'Resolve ticket'
4579;2;b'Resolve ticket';b'Resolve ticket'
4122;3;b'Closed';b'Closed'
4123;3;b'Resolve ticket';b'Resolve ticket'
4124;3;b'Closed';b'Closed'
4125;3;b'Resolve ticket';b'Resolve ticket'
4126;3;b'Closed';b'Closed'
4127;3;b'Wait';b'Resolve ticket'
4128;3;b'Closed';b'Closed'
4129;3;b'Resolve ticket';b'Resolve ticket'
4130;3;b'Closed';b'Closed'
4131;3;b'Resolve ticket';b'Closed'
4132;3;b'Closed';b'Closed'
4133;3;b'Resolve ticket';b'Resolve ticket'
4134;3;b'Closed';b'Closed'
4135;3;b'Closed';b'Closed'
4136;3;b'Resolve ticket';b'Resolve ticket'
4137;3;b'Closed';b'Closed'
4138;3;b'!';b'!'
4139;3;b'Closed';b'Closed'
4140;3;b'Closed';b'Closed'
4141;3;b'Resolve ticket';b'Resolve ticket'
4142;3;b'Resolve ticket';b'Resolve ticket'
4143;3;b'Closed';b'Closed'
4144;3;b'Closed';b'Closed'
4145;3;b'Closed';b'Closed'
4146;3;b'Resolve ticket';b'Resolve ticket'
4147;3;b'Take in charge ticket';b'Closed'
4148;3;b'Resolve ticket';b'Resolve ticket'
4149;3;b'Resolve ticket';b'Resolve ticket'
4150;3;b'Closed';b'Closed'
4151;3;b'Resolve ticket';b'Resolve ticket'
4152;3;b'Take in charge ticket';b'Resolve ticket'
4153;3;b'Closed';b'Closed'
4154;3;b'Resolve ticket';b'Resolve ticket'
4155;3;b'Resolve ticket';b'Resolve ticket'
4156;3;b'Take in charge ticket';b'Resolve ticket'
4157;3;b'Closed';b'Closed'
4158;3;b'Closed';b'Closed'
4159;3;b'Closed';b'Closed'
4160;3;b'Closed';b'Closed'
4161;3;b'Closed';b'Closed'
4162;3;b'Closed';b'Closed'
4163;3;b'Take in charge ticket';b'Resolve ticket'
4164;3;b'Wait';b'Resolve ticket'
4165;3;b'Resolve ticket';b'Resolve ticket'
4166;3;b'Closed';b'Closed'
4167;3;b'Closed';b'Closed'
4168;3;b'Closed';b'Closed'
4169;3;b'Closed';b'Closed'
4170;3;b'Take in charge ticket';b'Closed'
4171;3;b'Resolve ticket';b'Resolve ticket'
4172;3;b'Closed';b'Closed'
4173;3;b'Closed';b'Closed'
4174;3;b'Closed';b'Closed'
4175;3;b'Closed';b'Closed'
4176;3;b'Take in charge ticket';b'Resolve ticket'
4177;3;b'Resolve ticket';b'Resolve ticket'
4178;3;b'Resolve ticket';b'Resolve ticket'
4179;3;b'Closed';b'Closed'
4180;3;b'Take in charge ticket';b'Resolve ticket'
4181;3;b'Closed';b'Closed'
4182;3;b'Closed';b'Closed'
4183;3;b'Take in charge ticket';b'Resolve ticket'
4184;3;b'Resolve ticket';b'Resolve ticket'
4185;3;b'Closed';b'Closed'
4186;3;b'Take in charge ticket';b'Resolve ticket'
4187;3;b'Closed';b'Closed'
4188;3;b'Closed';b'Closed'
4189;3;b'Closed';b'Closed'
4190;3;b'Closed';b'Closed'
4191;3;b'Closed';b'Closed'
4192;3;b'Closed';b'Closed'
4193;3;b'Closed';b'Closed'
4194;3;b'Take in charge ticket';b'Resolve ticket'
4195;3;b'Closed';b'Closed'
4196;3;b'Take in charge ticket';b'Take in charge ticket'
4197;3;b'Closed';b'Closed'
4198;3;b'Closed';b'Closed'
4199;3;b'Closed';b'Closed'
4200;3;b'Closed';b'Closed'
4201;3;b'Closed';b'Closed'
4202;3;b'Closed';b'Closed'
4203;3;b'Closed';b'Closed'
4204;3;b'Closed';b'Closed'
4205;3;b'Closed';b'Closed'
4206;3;b'Take in charge ticket';b'Take in charge ticket'
4207;3;b'Closed';b'Closed'
4208;3;b'Closed';b'Closed'
4209;3;b'Closed';b'Closed'
4210;3;b'Closed';b'Closed'
4211;3;b'Closed';b'Closed'
4212;3;b'Resolve ticket';b'Resolve ticket'
4213;3;b'Closed';b'Closed'
4214;3;b'Closed';b'Closed'
4215;3;b'Closed';b'Closed'
4216;3;b'Closed';b'Closed'
4217;3;b'Closed';b'Closed'
4218;3;b'Wait';b'Resolve ticket'
4219;3;b'Closed';b'Closed'
4220;3;b'Resolve ticket';b'Resolve ticket'
4221;3;b'Resolve ticket';b'Resolve ticket'
4222;3;b'Resolve ticket';b'Resolve ticket'
4223;3;b'Closed';b'Closed'
4224;3;b'Resolve ticket';b'Closed'
4225;3;b'Closed';b'Closed'
4226;3;b'Closed';b'Closed'
4227;3;b'Wait';b'Resolve ticket'
4228;3;b'Closed';b'Closed'
4229;3;b'Resolve ticket';b'Resolve ticket'
4230;3;b'!';b'!'
4231;3;b'Closed';b'Closed'
4232;3;b'Closed';b'Closed'
4233;3;b'Resolve ticket';b'Closed'
4234;3;b'!';b'!'
4235;3;b'Closed';b'Closed'
4236;3;b'Wait';b'Resolve ticket'
4237;3;b'Closed';b'Closed'
4238;3;b'Closed';b'Closed'
4239;3;b'Closed';b'Closed'
4240;3;b'Closed';b'Closed'
4241;3;b'!';b'!'
4242;3;b'Resolve ticket';b'Resolve ticket'
4243;3;b'Wait';b'Resolve ticket'
4244;3;b'Resolve ticket';b'Resolve ticket'
4245;3;b'Closed';b'Closed'
4246;3;b'Closed';b'Closed'
4247;3;b'!';b'!'
4248;3;b'Closed';b'Closed'
4249;3;b'Take in charge ticket';b'Resolve ticket'
4250;3;b'Resolve ticket';b'Closed'
4251;3;b'Closed';b'Closed'
4252;3;b'Take in charge ticket';b'Resolve ticket'
4253;3;b'Resolve ticket';b'Resolve ticket'
4254;3;b'Resolve ticket';b'Closed'
4255;3;b'Closed';b'Closed'
4256;3;b'Resolve ticket';b'Resolve ticket'
4257;3;b'Closed';b'Closed'
4258;3;b'Resolve ticket';b'Resolve ticket'
4259;3;b'Closed';b'Closed'
4260;3;b'Resolve ticket';b'Resolve ticket'
4261;3;b'Closed';b'Closed'
4262;3;b'Take in charge ticket';b'Resolve ticket'
4263;3;b'Closed';b'Closed'
4264;3;b'!';b'!'
4265;3;b'Resolve ticket';b'Resolve ticket'
4266;3;b'Resolve ticket';b'Closed'
4267;3;b'Closed';b'Closed'
4268;3;b'Resolve ticket';b'Resolve ticket'
4269;3;b'Closed';b'Closed'
4270;3;b'Closed';b'Closed'
4271;3;b'Closed';b'Closed'
4272;3;b'Wait';b'Resolve ticket'
4273;3;b'Closed';b'Closed'
4274;3;b'Take in charge ticket';b'Resolve ticket'
4275;3;b'Closed';b'Closed'
4276;3;b'Closed';b'Closed'
4277;3;b'Resolve ticket';b'Closed'
4278;3;b'Resolve ticket';b'Resolve ticket'
4279;3;b'Take in charge ticket';b'Resolve ticket'
4280;3;b'Closed';b'Closed'
4281;3;b'Closed';b'Closed'
4282;3;b'Closed';b'Closed'
4283;3;b'Resolve ticket';b'Resolve ticket'
4284;3;b'Wait';b'Resolve ticket'
4285;3;b'Closed';b'Closed'
4286;3;b'Resolve ticket';b'Resolve ticket'
4287;3;b'Resolve ticket';b'Closed'
4288;3;b'!';b'!'
4289;3;b'Closed';b'Closed'
4290;3;b'!';b'!'
4291;3;b'Closed';b'Closed'
4292;3;b'Closed';b'Closed'
4293;3;b'Resolve ticket';b'Resolve ticket'
4294;3;b'Closed';b'Closed'
4295;3;b'Closed';b'Closed'
4296;3;b'Closed';b'Closed'
4297;3;b'!';b'!'
4298;3;b'Resolve ticket';b'Closed'
4299;3;b'Wait';b'Resolve ticket'
4300;3;b'Resolve ticket';b'Resolve ticket'
4301;3;b'Closed';b'Closed'
4302;3;b'Take in charge ticket';b'Closed'
4303;3;b'Resolve ticket';b'Resolve ticket'
4304;3;b'Resolve ticket';b'Resolve ticket'
4305;3;b'Closed';b'Closed'
4306;3;b'Closed';b'Closed'
4307;3;b'Closed';b'Closed'
4308;3;b'Resolve ticket';b'Resolve ticket'
4309;3;b'Closed';b'Closed'
4310;3;b'Closed';b'Closed'
4311;3;b'Closed';b'Closed'
4312;3;b'Closed';b'Closed'
4313;3;b'Resolve ticket';b'Resolve ticket'
4314;3;b'Closed';b'Closed'
4315;3;b'Closed';b'Closed'
4316;3;b'Closed';b'Closed'
4317;3;b'Closed';b'Closed'
4318;3;b'Closed';b'Closed'
4319;3;b'Closed';b'Closed'
4320;3;b'Closed';b'Closed'
4321;3;b'Resolve ticket';b'Resolve ticket'
4322;3;b'Resolve ticket';b'Resolve ticket'
4323;3;b'Closed';b'Closed'
4324;3;b'Closed';b'Closed'
4325;3;b'Resolve ticket';b'Resolve ticket'
4326;3;b'Take in charge ticket';b'Resolve ticket'
4327;3;b'Closed';b'Closed'
4328;3;b'Resolve ticket';b'Resolve ticket'
4329;3;b'Resolve ticket';b'Resolve ticket'
4330;3;b'Closed';b'Closed'
4331;3;b'Closed';b'Closed'
4332;3;b'Closed';b'Closed'
4333;3;b'Closed';b'Closed'
4334;3;b'Closed';b'Closed'
4335;3;b'Take in charge ticket';b'Resolve ticket'
4336;3;b'Resolve ticket';b'Resolve ticket'
4337;3;b'Take in charge ticket';b'Resolve ticket'
4338;3;b'Resolve ticket';b'Resolve ticket'
4339;3;b'Closed';b'Closed'
4340;3;b'Closed';b'Closed'
4341;3;b'Closed';b'Closed'
4342;3;b'Closed';b'Closed'
4343;3;b'Closed';b'Closed'
4344;3;b'Closed';b'Closed'
4345;3;b'Closed';b'Closed'
4346;3;b'Closed';b'Closed'
4347;3;b'Resolve ticket';b'Resolve ticket'
4348;3;b'Closed';b'Closed'
4349;3;b'Resolve ticket';b'Resolve ticket'
4350;3;b'Resolve ticket';b'Resolve ticket'
4351;3;b'Resolve ticket';b'Resolve ticket'
4352;3;b'Wait';b'Resolve ticket'
4353;3;b'Resolve ticket';b'Resolve ticket'
4354;3;b'Closed';b'Closed'
4355;3;b'Take in charge ticket';b'Resolve ticket'
4356;3;b'Closed';b'Closed'
4357;3;b'Closed';b'Closed'
4358;3;b'Resolve ticket';b'Resolve ticket'
4359;3;b'Closed';b'Closed'
4360;3;b'Resolve ticket';b'Resolve ticket'
4361;3;b'Closed';b'Closed'
4362;3;b'Take in charge ticket';b'Take in charge ticket'
4363;3;b'Closed';b'Closed'
4364;3;b'Resolve ticket';b'Resolve ticket'
4365;3;b'Closed';b'Closed'
4366;3;b'!';b'!'
4367;3;b'Closed';b'Closed'
4368;3;b'Resolve ticket';b'Resolve ticket'
4369;3;b'!';b'!'
4370;3;b'Closed';b'Closed'
4371;3;b'!';b'!'
4372;3;b'Closed';b'Closed'
4373;3;b'Closed';b'Closed'
4374;3;b'Resolve ticket';b'Resolve ticket'
4375;3;b'Closed';b'Closed'
4376;3;b'Closed';b'Closed'
4377;3;b'Wait';b'Resolve ticket'
4378;3;b'Closed';b'Closed'
4379;3;b'Closed';b'Closed'
4380;3;b'Take in charge ticket';b'Resolve ticket'
4381;3;b'Closed';b'Closed'
4382;3;b'Closed';b'Closed'
4383;3;b'Take in charge ticket';b'Closed'
4384;3;b'Resolve ticket';b'Resolve ticket'
4385;3;b'Resolve ticket';b'Closed'
4386;3;b'Take in charge ticket';b'Take in charge ticket'
4387;3;b'!';b'!'
4388;3;b'Resolve ticket';b'Resolve ticket'
4389;3;b'Closed';b'Closed'
4390;3;b'Closed';b'Closed'
4391;3;b'Resolve ticket';b'Resolve ticket'
4392;3;b'Closed';b'Closed'
4393;3;b'Closed';b'Closed'
4394;3;b'Take in charge ticket';b'Resolve ticket'
4395;3;b'Closed';b'Closed'
4396;3;b'Closed';b'Closed'
4397;3;b'Take in charge ticket';b'Resolve ticket'
4398;3;b'Resolve ticket';b'Resolve ticket'
4399;3;b'Wait';b'Resolve ticket'
4400;3;b'Closed';b'Closed'
4401;3;b'Wait';b'Resolve ticket'
4402;3;b'Closed';b'Closed'
4403;3;b'Wait';b'Resolve ticket'
4404;3;b'Closed';b'Closed'
4405;3;b'Resolve ticket';b'Resolve ticket'
4406;3;b'Resolve ticket';b'Resolve ticket'
4407;3;b'Closed';b'Closed'
4408;3;b'Resolve ticket';b'Resolve ticket'
4409;3;b'Take in charge ticket';b'Resolve ticket'
4410;3;b'Take in charge ticket';b'Resolve ticket'
4411;3;b'Resolve ticket';b'Resolve ticket'
4412;3;b'Closed';b'Closed'
4413;3;b'Take in charge ticket';b'Resolve ticket'
4414;3;b'Closed';b'Closed'
4415;3;b'Resolve ticket';b'Resolve ticket'
4416;3;b'Resolve ticket';b'Closed'
4417;3;b'Closed';b'Closed'
4418;3;b'Closed';b'Closed'
4419;3;b'Closed';b'Closed'
4420;3;b'Resolve ticket';b'Resolve ticket'
4421;3;b'Closed';b'Closed'
4422;3;b'Resolve ticket';b'Resolve ticket'
4423;3;b'Resolve ticket';b'Resolve ticket'
4424;3;b'Closed';b'Closed'
4425;3;b'Resolve ticket';b'Resolve ticket'
4426;3;b'Resolve ticket';b'Resolve ticket'
4427;3;b'Closed';b'Closed'
4428;3;b'Closed';b'Closed'
4429;3;b'Closed';b'Closed'
4430;3;b'Resolve ticket';b'Resolve ticket'
4431;3;b'Closed';b'Closed'
4432;3;b'Closed';b'Closed'
4433;3;b'Take in charge ticket';b'Resolve ticket'
4434;3;b'Closed';b'Closed'
4435;3;b'Take in charge ticket';b'Closed'
4436;3;b'Closed';b'Closed'
4437;3;b'Take in charge ticket';b'Closed'
4438;3;b'Closed';b'Closed'
4439;3;b'Closed';b'Closed'
4440;3;b'Closed';b'Closed'
4441;3;b'Take in charge ticket';b'Take in charge ticket'
4442;3;b'Closed';b'Closed'
4443;3;b'Closed';b'Closed'
4444;3;b'Closed';b'Closed'
4445;3;b'Closed';b'Closed'
4446;3;b'Closed';b'Closed'
4447;3;b'Closed';b'Closed'
4448;3;b'Closed';b'Closed'
4449;3;b'Resolve ticket';b'Resolve ticket'
4450;3;b'Closed';b'Closed'
4451;3;b'Closed';b'Closed'
4452;3;b'Take in charge ticket';b'Resolve ticket'
4453;3;b'Wait';b'Resolve ticket'
4454;3;b'Closed';b'Closed'
4455;3;b'Resolve ticket';b'Resolve ticket'
4456;3;b'Closed';b'Closed'
4457;3;b'Resolve ticket';b'Resolve ticket'
4458;3;b'Resolve ticket';b'Resolve ticket'
4459;3;b'Closed';b'Closed'
4460;3;b'Closed';b'Closed'
4461;3;b'Closed';b'Closed'
4462;3;b'Create SW anomaly';b'Resolve ticket'
4463;3;b'Resolve ticket';b'Resolve ticket'
4464;3;b'Resolve ticket';b'Resolve ticket'
4465;3;b'Closed';b'Closed'
4466;3;b'Take in charge ticket';b'Take in charge ticket'
4467;3;b'!';b'!'
4468;3;b'Closed';b'Closed'
4469;3;b'Closed';b'Closed'
4470;3;b'Closed';b'Closed'
4471;3;b'Take in charge ticket';b'Closed'
4472;3;b'Closed';b'Closed'
4473;3;b'Closed';b'Closed'
4474;3;b'Closed';b'Closed'
4475;3;b'Closed';b'Closed'
4476;3;b'Closed';b'Closed'
4477;3;b'Take in charge ticket';b'Resolve ticket'
4478;3;b'!';b'!'
4479;3;b'Closed';b'Closed'
4480;3;b'Wait';b'Resolve ticket'
4481;3;b'Take in charge ticket';b'Resolve ticket'
4482;3;b'Closed';b'Closed'
4483;3;b'Closed';b'Closed'
4484;3;b'Resolve ticket';b'Resolve ticket'
4485;3;b'Closed';b'Closed'
4486;3;b'Closed';b'Closed'
4487;3;b'Closed';b'Closed'
4488;3;b'Closed';b'Closed'
4489;3;b'Take in charge ticket';b'Resolve ticket'
4490;3;b'Closed';b'Closed'
4491;3;b'Resolve ticket';b'Resolve ticket'
4492;3;b'Closed';b'Closed'
4493;3;b'Closed';b'Closed'
4494;3;b'!';b'!'
4495;3;b'Resolve ticket';b'Resolve ticket'
4496;3;b'Resolve ticket';b'Resolve ticket'
4497;3;b'Resolve ticket';b'Resolve ticket'
4498;3;b'Resolve ticket';b'Resolve ticket'
4499;3;b'Closed';b'Closed'
4500;3;b'Wait';b'Resolve ticket'
4501;3;b'Closed';b'Closed'
4502;3;b'Take in charge ticket';b'Resolve ticket'
4503;3;b'Closed';b'Closed'
4504;3;b'Closed';b'Closed'
4505;3;b'Resolve ticket';b'Resolve ticket'
4506;3;b'Resolve ticket';b'Resolve ticket'
4507;3;b'Closed';b'Closed'
4508;3;b'Closed';b'Closed'
4509;3;b'Closed';b'Closed'
4510;3;b'Resolve ticket';b'Resolve ticket'
4511;3;b'Closed';b'Closed'
4512;3;b'!';b'!'
4513;3;b'Take in charge ticket';b'Resolve ticket'
4514;3;b'Closed';b'Closed'
4515;3;b'Closed';b'Closed'
4516;3;b'Closed';b'Closed'
4517;3;b'Resolve ticket';b'Resolve ticket'
4518;3;b'Wait';b'Resolve ticket'
4519;3;b'Closed';b'Closed'
4520;3;b'Closed';b'Closed'
4521;3;b'Resolve ticket';b'Resolve ticket'
4522;3;b'Closed';b'Closed'
4523;3;b'Closed';b'Closed'
4524;3;b'Resolve ticket';b'Closed'
4525;3;b'Closed';b'Closed'
4526;3;b'!';b'!'
4527;3;b'Wait';b'Resolve ticket'
4528;3;b'Closed';b'Closed'
4529;3;b'Closed';b'Closed'
4530;3;b'!';b'!'
4531;3;b'!';b'!'
4532;3;b'Closed';b'Closed'
4533;3;b'Closed';b'Closed'
4534;3;b'Closed';b'Closed'
4535;3;b'!';b'!'
4536;3;b'Closed';b'Closed'
4537;3;b'Take in charge ticket';b'Resolve ticket'
4538;3;b'Resolve ticket';b'Resolve ticket'
4539;3;b'Closed';b'Closed'
4540;3;b'Closed';b'Closed'
4541;3;b'Closed';b'Closed'
4542;3;b'Take in charge ticket';b'Resolve ticket'
4543;3;b'!';b'Closed'
4544;3;b'Resolve ticket';b'Resolve ticket'
4545;3;b'Closed';b'Closed'
4546;3;b'Closed';b'Closed'
4547;3;b'Closed';b'Closed'
4548;3;b'Closed';b'Closed'
4549;3;b'Closed';b'Closed'
4550;3;b'Resolve ticket';b'Resolve ticket'
4551;3;b'Closed';b'Closed'
4552;3;b'Closed';b'Closed'
4553;3;b'Take in charge ticket';b'Resolve ticket'
4554;3;b'Closed';b'Closed'
4555;3;b'Closed';b'Closed'
4556;3;b'Closed';b'Closed'
4557;3;b'Resolve ticket';b'Resolve ticket'
4558;3;b'Closed';b'Closed'
4559;3;b'Closed';b'Closed'
4560;3;b'Take in charge ticket';b'Resolve ticket'
4561;3;b'Resolve ticket';b'Resolve ticket'
4562;3;b'Resolve ticket';b'Resolve ticket'
4563;3;b'Wait';b'Resolve ticket'
4564;3;b'Take in charge ticket';b'Take in charge ticket'
4565;3;b'Closed';b'Closed'
4566;3;b'Take in charge ticket';b'Resolve ticket'
4567;3;b'Resolve ticket';b'Closed'
4568;3;b'Take in charge ticket';b'Resolve ticket'
4569;3;b'Resolve ticket';b'Closed'
4570;3;b'Closed';b'Closed'
4571;3;b'Closed';b'Closed'
4572;3;b'Take in charge ticket';b'Resolve ticket'
4573;3;b'Closed';b'Closed'
4574;3;b'Resolve ticket';b'Resolve ticket'
4575;3;b'Closed';b'Closed'
4576;3;b'Closed';b'Closed'
4577;3;b'!';b'!'
4578;3;b'Closed';b'Closed'
4579;3;b'Closed';b'Closed'
4122;4;b'!';b'!'
4123;4;b'Closed';b'Closed'
4124;4;b'!';b'!'
4125;4;b'Closed';b'Closed'
4126;4;b'!';b'!'
4127;4;b'Take in charge ticket';b'Take in charge ticket'
4128;4;b'!';b'!'
4129;4;b'Closed';b'Closed'
4130;4;b'!';b'!'
4131;4;b'Closed';b'Closed'
4132;4;b'!';b'!'
4133;4;b'Closed';b'Closed'
4134;4;b'!';b'!'
4135;4;b'!';b'!'
4136;4;b'Closed';b'Closed'
4137;4;b'!';b'!'
4139;4;b'!';b'!'
4140;4;b'!';b'!'
4141;4;b'Closed';b'Closed'
4142;4;b'Closed';b'Closed'
4143;4;b'!';b'!'
4144;4;b'!';b'!'
4145;4;b'!';b'!'
4146;4;b'Closed';b'Closed'
4147;4;b'Resolve ticket';b'Resolve ticket'
4148;4;b'Closed';b'Closed'
4149;4;b'Closed';b'Closed'
4150;4;b'!';b'!'
4151;4;b'Closed';b'Closed'
4152;4;b'Resolve ticket';b'Resolve ticket'
4153;4;b'!';b'!'
4154;4;b'Closed';b'Closed'
4155;4;b'Closed';b'Closed'
4156;4;b'Resolve ticket';b'Resolve ticket'
4157;4;b'!';b'!'
4158;4;b'!';b'!'
4159;4;b'!';b'!'
4160;4;b'!';b'!'
4161;4;b'!';b'!'
4162;4;b'!';b'!'
4163;4;b'Resolve ticket';b'Resolve ticket'
4164;4;b'Resolve ticket';b'Take in charge ticket'
4165;4;b'Closed';b'Closed'
4166;4;b'!';b'!'
4167;4;b'!';b'!'
4168;4;b'!';b'!'
4169;4;b'!';b'!'
4170;4;b'Wait';b'Resolve ticket'
4171;4;b'Closed';b'Closed'
4172;4;b'!';b'!'
4173;4;b'!';b'!'
4174;4;b'!';b'!'
4175;4;b'!';b'!'
4176;4;b'Resolve ticket';b'Resolve ticket'
4177;4;b'Closed';b'Closed'
4178;4;b'Closed';b'Closed'
4179;4;b'!';b'!'
4180;4;b'Resolve ticket';b'Resolve ticket'
4181;4;b'!';b'!'
4182;4;b'!';b'!'
4183;4;b'Resolve ticket';b'Resolve ticket'
4184;4;b'Closed';b'Closed'
4185;4;b'!';b'!'
4186;4;b'Wait';b'Resolve ticket'
4187;4;b'!';b'!'
4188;4;b'!';b'!'
4189;4;b'!';b'!'
4190;4;b'!';b'!'
4191;4;b'!';b'!'
4192;4;b'!';b'!'
4193;4;b'!';b'!'
4194;4;b'Resolve ticket';b'Resolve ticket'
4195;4;b'!';b'!'
4196;4;b'Resolve ticket';b'Resolve ticket'
4197;4;b'!';b'!'
4198;4;b'!';b'!'
4199;4;b'!';b'!'
4200;4;b'!';b'!'
4201;4;b'!';b'!'
4202;4;b'!';b'!'
4203;4;b'!';b'!'
4204;4;b'!';b'!'
4205;4;b'!';b'!'
4206;4;b'Wait';b'Resolve ticket'
4207;4;b'!';b'!'
4208;4;b'!';b'!'
4209;4;b'!';b'!'
4210;4;b'!';b'!'
4211;4;b'!';b'!'
4212;4;b'Resolve ticket';b'Closed'
4213;4;b'!';b'!'
4214;4;b'!';b'!'
4215;4;b'!';b'!'
4216;4;b'!';b'!'
4217;4;b'!';b'!'
4218;4;b'Resolve ticket';b'Take in charge ticket'
4219;4;b'!';b'!'
4220;4;b'Closed';b'Closed'
4221;4;b'Closed';b'Closed'
4222;4;b'Closed';b'Closed'
4223;4;b'!';b'!'
4224;4;b'Resolve ticket';b'Closed'
4225;4;b'!';b'!'
4226;4;b'Closed';b'!'
4227;4;b'Resolve ticket';b'Resolve ticket'
4228;4;b'!';b'!'
4229;4;b'Closed';b'Closed'
4231;4;b'!';b'!'
4232;4;b'!';b'!'
4233;4;b'Closed';b'Closed'
4235;4;b'!';b'!'
4236;4;b'Take in charge ticket';b'Take in charge ticket'
4237;4;b'!';b'!'
4238;4;b'!';b'!'
4239;4;b'!';b'!'
4240;4;b'!';b'!'
4242;4;b'Closed';b'Closed'
4243;4;b'Resolve ticket';b'Resolve ticket'
4244;4;b'Closed';b'Closed'
4245;4;b'!';b'!'
4246;4;b'!';b'!'
4248;4;b'!';b'!'
4249;4;b'Wait';b'Resolve ticket'
4250;4;b'Closed';b'Closed'
4251;4;b'!';b'!'
4252;4;b'Resolve ticket';b'Resolve ticket'
4253;4;b'Closed';b'Closed'
4254;4;b'Closed';b'Closed'
4255;4;b'!';b'!'
4256;4;b'Closed';b'Closed'
4257;4;b'!';b'!'
4258;4;b'Closed';b'Closed'
4259;4;b'!';b'!'
4260;4;b'Closed';b'Closed'
4261;4;b'!';b'!'
4262;4;b'Resolve ticket';b'Resolve ticket'
4263;4;b'!';b'!'
4265;4;b'Closed';b'Closed'
4266;4;b'Closed';b'Closed'
4267;4;b'!';b'!'
4268;4;b'Closed';b'Closed'
4269;4;b'!';b'!'
4270;4;b'!';b'!'
4271;4;b'!';b'!'
4272;4;b'Take in charge ticket';b'Take in charge ticket'
4273;4;b'!';b'!'
4274;4;b'Resolve ticket';b'Resolve ticket'
4275;4;b'!';b'!'
4276;4;b'!';b'!'
4277;4;b'Closed';b'Closed'
4278;4;b'Closed';b'Closed'
4279;4;b'Wait';b'Resolve ticket'
4280;4;b'!';b'!'
4281;4;b'!';b'!'
4282;4;b'!';b'!'
4283;4;b'Take in charge ticket';b'Closed'
4284;4;b'Take in charge ticket';b'Take in charge ticket'
4285;4;b'!';b'!'
4286;4;b'Closed';b'Closed'
4287;4;b'Closed';b'Closed'
4289;4;b'!';b'!'
4291;4;b'!';b'!'
4292;4;b'!';b'!'
4293;4;b'Closed';b'Closed'
4294;4;b'!';b'!'
4295;4;b'!';b'!'
4296;4;b'!';b'!'
4298;4;b'Closed';b'Closed'
4299;4;b'Resolve ticket';b'Resolve ticket'
4300;4;b'Closed';b'Closed'
4301;4;b'!';b'!'
4302;4;b'Resolve ticket';b'Resolve ticket'
4303;4;b'Closed';b'Closed'
4304;4;b'Closed';b'Closed'
4305;4;b'!';b'!'
4306;4;b'!';b'!'
4307;4;b'!';b'!'
4308;4;b'Closed';b'Closed'
4309;4;b'!';b'!'
4310;4;b'!';b'!'
4311;4;b'!';b'!'
4312;4;b'!';b'!'
4313;4;b'Closed';b'Closed'
4314;4;b'!';b'!'
4315;4;b'!';b'!'
4316;4;b'!';b'!'
4317;4;b'!';b'!'
4318;4;b'!';b'!'
4319;4;b'!';b'!'
4320;4;b'!';b'!'
4321;4;b'Closed';b'Closed'
4322;4;b'Closed';b'Closed'
4323;4;b'!';b'!'
4324;4;b'!';b'!'
4325;4;b'Closed';b'Closed'
4326;4;b'Wait';b'Resolve ticket'
4327;4;b'!';b'!'
4328;4;b'Resolve ticket';b'Closed'
4329;4;b'Closed';b'Closed'
4330;4;b'!';b'!'
4331;4;b'!';b'!'
4332;4;b'!';b'!'
4333;4;b'!';b'!'
4334;4;b'!';b'!'
4335;4;b'Resolve ticket';b'Resolve ticket'
4336;4;b'Closed';b'Closed'
4337;4;b'Wait';b'Resolve ticket'
4338;4;b'Closed';b'Closed'
4339;4;b'!';b'!'
4340;4;b'!';b'!'
4341;4;b'!';b'!'
4342;4;b'!';b'!'
4343;4;b'!';b'!'
4344;4;b'!';b'!'
4345;4;b'!';b'!'
4346;4;b'!';b'!'
4347;4;b'Closed';b'Closed'
4348;4;b'!';b'!'
4349;4;b'Closed';b'Closed'
4350;4;b'Closed';b'Closed'
4351;4;b'Closed';b'Closed'
4352;4;b'Wait';b'Resolve ticket'
4353;4;b'!';b'Closed'
4354;4;b'!';b'!'
4355;4;b'Resolve ticket';b'Resolve ticket'
4356;4;b'!';b'!'
4357;4;b'!';b'!'
4358;4;b'Closed';b'Closed'
4359;4;b'!';b'!'
4360;4;b'Closed';b'Closed'
4361;4;b'!';b'!'
4362;4;b'Resolve ticket';b'Resolve ticket'
4363;4;b'!';b'!'
4364;4;b'Closed';b'Closed'
4365;4;b'!';b'!'
4367;4;b'!';b'!'
4368;4;b'Closed';b'Closed'
4370;4;b'!';b'!'
4372;4;b'!';b'!'
4373;4;b'!';b'!'
4374;4;b'Take in charge ticket';b'Closed'
4375;4;b'!';b'!'
4376;4;b'!';b'!'
4377;4;b'Take in charge ticket';b'Take in charge ticket'
4378;4;b'!';b'!'
4379;4;b'!';b'!'
4380;4;b'Wait';b'Resolve ticket'
4381;4;b'!';b'!'
4382;4;b'!';b'!'
4383;4;b'Wait';b'Resolve ticket'
4384;4;b'Closed';b'Closed'
4385;4;b'Closed';b'Closed'
4386;4;b'Wait';b'Resolve ticket'
4388;4;b'Closed';b'Closed'
4389;4;b'!';b'!'
4390;4;b'!';b'!'
4391;4;b'Closed';b'Closed'
4392;4;b'!';b'!'
4393;4;b'!';b'!'
4394;4;b'Wait';b'Resolve ticket'
4395;4;b'!';b'!'
4396;4;b'!';b'!'
4397;4;b'Wait';b'Resolve ticket'
4398;4;b'Closed';b'Closed'
4399;4;b'Take in charge ticket';b'Resolve ticket'
4400;4;b'!';b'!'
4401;4;b'Take in charge ticket';b'Resolve ticket'
4402;4;b'!';b'!'
4403;4;b'Resolve ticket';b'Resolve ticket'
4404;4;b'!';b'!'
4405;4;b'Closed';b'Closed'
4406;4;b'Closed';b'Closed'
4407;4;b'!';b'!'
4408;4;b'Closed';b'Closed'
4409;4;b'Resolve ticket';b'Resolve ticket'
4410;4;b'Wait';b'Resolve ticket'
4411;4;b'Closed';b'Closed'
4412;4;b'!';b'!'
4413;4;b'Resolve ticket';b'Resolve ticket'
4414;4;b'!';b'!'
4415;4;b'Closed';b'Closed'
4416;4;b'Closed';b'Closed'
4417;4;b'!';b'!'
4418;4;b'!';b'!'
4419;4;b'!';b'!'
4420;4;b'Closed';b'Closed'
4421;4;b'!';b'!'
4422;4;b'Closed';b'Closed'
4423;4;b'Closed';b'Closed'
4424;4;b'!';b'!'
4425;4;b'Closed';b'Closed'
4426;4;b'Closed';b'Closed'
4427;4;b'!';b'!'
4428;4;b'!';b'!'
4429;4;b'!';b'!'
4430;4;b'Closed';b'Closed'
4431;4;b'!';b'!'
4432;4;b'!';b'!'
4433;4;b'Resolve ticket';b'Resolve ticket'
4434;4;b'!';b'!'
4435;4;b'Resolve ticket';b'Resolve ticket'
4436;4;b'!';b'!'
4437;4;b'Resolve ticket';b'Resolve ticket'
4438;4;b'!';b'!'
4439;4;b'!';b'!'
4440;4;b'!';b'!'
4441;4;b'Wait';b'Resolve ticket'
4442;4;b'!';b'!'
4443;4;b'!';b'!'
4444;4;b'!';b'!'
4445;4;b'!';b'!'
4446;4;b'!';b'!'
4447;4;b'!';b'!'
4448;4;b'!';b'!'
4449;4;b'Closed';b'Closed'
4450;4;b'!';b'!'
4451;4;b'!';b'!'
4452;4;b'Resolve ticket';b'Resolve ticket'
4453;4;b'Resolve ticket';b'Resolve ticket'
4454;4;b'!';b'!'
4455;4;b'Closed';b'Closed'
4456;4;b'!';b'!'
4457;4;b'Closed';b'Closed'
4458;4;b'Closed';b'Closed'
4459;4;b'!';b'!'
4460;4;b'!';b'!'
4461;4;b'!';b'!'
4462;4;b'Resolve SW anomaly';b'Resolve ticket'
4463;4;b'Closed';b'Closed'
4464;4;b'Closed';b'Closed'
4465;4;b'!';b'!'
4466;4;b'Wait';b'Resolve ticket'
4468;4;b'!';b'!'
4469;4;b'!';b'!'
4470;4;b'!';b'!'
4471;4;b'Resolve ticket';b'Resolve ticket'
4472;4;b'!';b'!'
4473;4;b'!';b'!'
4474;4;b'!';b'!'
4475;4;b'!';b'!'
4476;4;b'!';b'!'
4477;4;b'Resolve ticket';b'Resolve ticket'
4479;4;b'!';b'!'
4480;4;b'Resolve ticket';b'Resolve ticket'
4481;4;b'Resolve ticket';b'Resolve ticket'
4482;4;b'!';b'!'
4483;4;b'!';b'!'
4484;4;b'Closed';b'Closed'
4485;4;b'!';b'!'
4486;4;b'!';b'!'
4487;4;b'!';b'!'
4488;4;b'!';b'!'
4489;4;b'Resolve ticket';b'Resolve ticket'
4490;4;b'!';b'!'
4491;4;b'Closed';b'Closed'
4492;4;b'!';b'!'
4493;4;b'!';b'!'
4495;4;b'Closed';b'Closed'
4496;4;b'Closed';b'Closed'
4497;4;b'Closed';b'Closed'
4498;4;b'Closed';b'Closed'
4499;4;b'!';b'!'
4500;4;b'Resolve ticket';b'Resolve ticket'
4501;4;b'!';b'!'
4502;4;b'Resolve ticket';b'Resolve ticket'
4503;4;b'!';b'!'
4504;4;b'!';b'!'
4505;4;b'Closed';b'Closed'
4506;4;b'Closed';b'Closed'
4507;4;b'!';b'!'
4508;4;b'!';b'!'
4509;4;b'!';b'!'
4510;4;b'Resolve ticket';b'Closed'
4511;4;b'!';b'!'
4513;4;b'Resolve ticket';b'Resolve ticket'
4514;4;b'!';b'!'
4515;4;b'!';b'!'
4516;4;b'!';b'!'
4517;4;b'Closed';b'Closed'
4518;4;b'Take in charge ticket';b'Resolve ticket'
4519;4;b'!';b'!'
4520;4;b'!';b'!'
4521;4;b'Closed';b'Closed'
4522;4;b'!';b'!'
4523;4;b'!';b'!'
4524;4;b'Closed';b'Closed'
4525;4;b'!';b'!'
4527;4;b'Resolve ticket';b'Resolve ticket'
4528;4;b'!';b'!'
4529;4;b'!';b'!'
4532;4;b'!';b'!'
4533;4;b'!';b'!'
4534;4;b'!';b'!'
4536;4;b'!';b'!'
4537;4;b'Resolve ticket';b'Resolve ticket'
4538;4;b'Closed';b'Closed'
4539;4;b'!';b'!'
4540;4;b'!';b'!'
4541;4;b'!';b'!'
4542;4;b'Resolve ticket';b'Resolve ticket'
4544;4;b'Closed';b'Closed'
4545;4;b'!';b'!'
4546;4;b'!';b'!'
4547;4;b'!';b'!'
4548;4;b'!';b'!'
4549;4;b'!';b'!'
4550;4;b'Closed';b'Closed'
4551;4;b'!';b'!'
4552;4;b'!';b'!'
4553;4;b'Wait';b'Resolve ticket'
4554;4;b'!';b'!'
4555;4;b'!';b'!'
4556;4;b'!';b'!'
4557;4;b'Closed';b'Closed'
4558;4;b'!';b'!'
4559;4;b'!';b'!'
4560;4;b'Wait';b'Resolve ticket'
4561;4;b'Closed';b'Closed'
4562;4;b'Closed';b'Closed'
4563;4;b'Take in charge ticket';b'Take in charge ticket'
4564;4;b'Resolve ticket';b'Resolve ticket'
4565;4;b'!';b'!'
4566;4;b'Wait';b'Resolve ticket'
4567;4;b'Closed';b'Closed'
4568;4;b'Resolve ticket';b'Resolve ticket'
4569;4;b'Closed';b'Closed'
4570;4;b'!';b'!'
4571;4;b'!';b'!'
4572;4;b'Resolve ticket';b'Resolve ticket'
4573;4;b'!';b'!'
4574;4;b'Closed';b'Closed'
4575;4;b'!';b'!'
4576;4;b'!';b'!'
4578;4;b'!';b'!'
4579;4;b'!';b'!'
4123;5;b'!';b'!'
4125;5;b'!';b'!'
4127;5;b'Wait';b'Resolve ticket'
4129;5;b'!';b'!'
4131;5;b'!';b'!'
4133;5;b'!';b'!'
4136;5;b'!';b'!'
4141;5;b'!';b'!'
4142;5;b'!';b'!'
4146;5;b'!';b'!'
4147;5;b'Closed';b'Closed'
4148;5;b'!';b'!'
4149;5;b'!';b'!'
4151;5;b'!';b'!'
4152;5;b'Closed';b'Closed'
4154;5;b'!';b'!'
4155;5;b'!';b'!'
4156;5;b'Closed';b'Closed'
4163;5;b'Closed';b'Closed'
4164;5;b'Closed';b'Closed'
4165;5;b'!';b'!'
4170;5;b'Take in charge ticket';b'Take in charge ticket'
4171;5;b'!';b'!'
4176;5;b'Closed';b'Closed'
4177;5;b'!';b'!'
4178;5;b'!';b'!'
4180;5;b'Closed';b'Closed'
4183;5;b'Closed';b'Closed'
4184;5;b'!';b'!'
4186;5;b'!';b'Resolve ticket'
4194;5;b'Closed';b'Closed'
4196;5;b'Closed';b'Closed'
4206;5;b'Take in charge ticket';b'Take in charge ticket'
4212;5;b'Closed';b'Closed'
4218;5;b'Closed';b'Closed'
4220;5;b'!';b'!'
4221;5;b'!';b'!'
4222;5;b'!';b'!'
4224;5;b'Take in charge ticket';b'Closed'
4226;5;b'!';b'!'
4227;5;b'Closed';b'Closed'
4229;5;b'!';b'!'
4233;5;b'!';b'!'
4236;5;b'Resolve ticket';b'Resolve ticket'
4242;5;b'!';b'!'
4243;5;b'Closed';b'Closed'
4244;5;b'!';b'!'
4249;5;b'Take in charge ticket';b'Resolve ticket'
4250;5;b'!';b'!'
4252;5;b'Closed';b'Closed'
4253;5;b'!';b'!'
4254;5;b'!';b'!'
4256;5;b'!';b'!'
4258;5;b'!';b'!'
4260;5;b'!';b'!'
4262;5;b'Closed';b'Closed'
4265;5;b'!';b'!'
4266;5;b'!';b'!'
4268;5;b'!';b'!'
4272;5;b'Resolve ticket';b'Resolve ticket'
4274;5;b'Closed';b'Closed'
4277;5;b'!';b'!'
4278;5;b'!';b'!'
4279;5;b'Take in charge ticket';b'Resolve ticket'
4283;5;b'Resolve ticket';b'Resolve ticket'
4284;5;b'Resolve ticket';b'Resolve ticket'
4286;5;b'!';b'!'
4287;5;b'!';b'!'
4293;5;b'!';b'!'
4298;5;b'!';b'!'
4299;5;b'Closed';b'Closed'
4300;5;b'!';b'!'
4302;5;b'Closed';b'Closed'
4303;5;b'!';b'!'
4304;5;b'!';b'!'
4308;5;b'!';b'!'
4313;5;b'!';b'!'
4321;5;b'!';b'!'
4322;5;b'!';b'!'
4325;5;b'!';b'!'
4326;5;b'Take in charge ticket';b'Resolve ticket'
4328;5;b'Resolve ticket';b'Closed'
4329;5;b'!';b'!'
4335;5;b'Closed';b'Closed'
4336;5;b'!';b'!'
4337;5;b'Resolve ticket';b'Resolve ticket'
4338;5;b'!';b'!'
4347;5;b'!';b'!'
4349;5;b'!';b'!'
4350;5;b'!';b'!'
4351;5;b'!';b'!'
4352;5;b'Resolve ticket';b'Resolve ticket'
4355;5;b'Closed';b'Closed'
4358;5;b'!';b'!'
4360;5;b'!';b'!'
4362;5;b'Closed';b'Closed'
4364;5;b'!';b'!'
4368;5;b'!';b'!'
4374;5;b'Wait';b'Resolve ticket'
4377;5;b'Resolve ticket';b'Resolve ticket'
4380;5;b'Take in charge ticket';b'Resolve ticket'
4383;5;b'Take in charge ticket';b'Take in charge ticket'
4384;5;b'!';b'!'
4385;5;b'!';b'!'
4386;5;b'Take in charge ticket';b'Take in charge ticket'
4388;5;b'!';b'!'
4391;5;b'!';b'!'
4394;5;b'Resolve ticket';b'Resolve ticket'
4397;5;b'Resolve ticket';b'Resolve ticket'
4398;5;b'!';b'!'
4399;5;b'Resolve ticket';b'Resolve ticket'
4401;5;b'Resolve ticket';b'Resolve ticket'
4403;5;b'Closed';b'Closed'
4405;5;b'!';b'!'
4406;5;b'!';b'!'
4408;5;b'!';b'!'
4409;5;b'Closed';b'Closed'
4410;5;b'Resolve ticket';b'Resolve ticket'
4411;5;b'!';b'!'
4413;5;b'Closed';b'Closed'
4415;5;b'!';b'!'
4416;5;b'!';b'!'
4420;5;b'!';b'!'
4422;5;b'!';b'!'
4423;5;b'!';b'!'
4425;5;b'!';b'!'
4426;5;b'!';b'!'
4430;5;b'!';b'!'
4433;5;b'Take in charge ticket';b'Closed'
4435;5;b'Closed';b'Closed'
4437;5;b'Closed';b'Closed'
4441;5;b'Take in charge ticket';b'Take in charge ticket'
4449;5;b'!';b'!'
4452;5;b'Closed';b'Closed'
4453;5;b'Closed';b'Closed'
4455;5;b'!';b'!'
4457;5;b'!';b'!'
4458;5;b'!';b'!'
4462;5;b'Resolve SW anomaly';b'Require upgrade'
4463;5;b'!';b'!'
4464;5;b'!';b'!'
4466;5;b'Take in charge ticket';b'Take in charge ticket'
4471;5;b'Closed';b'Closed'
4477;5;b'Closed';b'Closed'
4480;5;b'Closed';b'Closed'
4481;5;b'Closed';b'Closed'
4484;5;b'!';b'!'
4489;5;b'Closed';b'Closed'
4491;5;b'!';b'!'
4495;5;b'!';b'!'
4496;5;b'!';b'!'
4497;5;b'!';b'!'
4498;5;b'!';b'!'
4500;5;b'Closed';b'Closed'
4502;5;b'Closed';b'Closed'
4505;5;b'!';b'!'
4506;5;b'!';b'!'
4510;5;b'Closed';b'Closed'
4513;5;b'Closed';b'Closed'
4517;5;b'!';b'!'
4518;5;b'Wait';b'Resolve ticket'
4521;5;b'!';b'!'
4524;5;b'!';b'!'
4527;5;b'Closed';b'Closed'
4537;5;b'Closed';b'Closed'
4538;5;b'!';b'!'
4542;5;b'Closed';b'Closed'
4544;5;b'!';b'!'
4550;5;b'!';b'!'
4553;5;b'Resolve ticket';b'Resolve ticket'
4557;5;b'!';b'!'
4560;5;b'Take in charge ticket';b'Resolve ticket'
4561;5;b'!';b'!'
4562;5;b'!';b'!'
4563;5;b'Resolve ticket';b'Resolve ticket'
4564;5;b'Closed';b'Closed'
4566;5;b'Resolve ticket';b'Resolve ticket'
4567;5;b'Closed';b'!'
4568;5;b'Closed';b'Closed'
4569;5;b'!';b'!'
4572;5;b'Closed';b'Closed'
4574;5;b'!';b'!'
4127;6;b'Take in charge ticket';b'Take in charge ticket'
4147;6;b'!';b'!'
4152;6;b'!';b'!'
4156;6;b'!';b'!'
4163;6;b'!';b'!'
4164;6;b'!';b'!'
4170;6;b'Resolve ticket';b'Resolve ticket'
4176;6;b'!';b'!'
4180;6;b'!';b'!'
4183;6;b'!';b'!'
4194;6;b'!';b'!'
4196;6;b'!';b'!'
4206;6;b'Resolve ticket';b'Resolve ticket'
4212;6;b'!';b'!'
4218;6;b'!';b'!'
4224;6;b'Resolve ticket';b'Resolve ticket'
4227;6;b'!';b'!'
4236;6;b'Closed';b'Closed'
4243;6;b'!';b'!'
4249;6;b'Resolve ticket';b'Resolve ticket'
4252;6;b'!';b'!'
4262;6;b'!';b'!'
4272;6;b'Closed';b'Closed'
4274;6;b'!';b'!'
4279;6;b'Wait';b'Resolve ticket'
4283;6;b'Closed';b'Closed'
4284;6;b'Closed';b'Closed'
4299;6;b'!';b'!'
4302;6;b'!';b'!'
4326;6;b'Resolve ticket';b'Resolve ticket'
4328;6;b'Closed';b'Closed'
4335;6;b'!';b'!'
4337;6;b'Closed';b'Closed'
4352;6;b'Closed';b'Closed'
4355;6;b'!';b'!'
4362;6;b'!';b'!'
4374;6;b'Take in charge ticket';b'Take in charge ticket'
4377;6;b'Closed';b'Closed'
4380;6;b'Resolve ticket';b'Resolve ticket'
4383;6;b'Resolve ticket';b'Resolve ticket'
4386;6;b'Resolve ticket';b'Resolve ticket'
4394;6;b'Closed';b'Closed'
4397;6;b'Closed';b'Closed'
4399;6;b'Closed';b'Closed'
4401;6;b'Closed';b'Closed'
4403;6;b'!';b'!'
4409;6;b'!';b'!'
4410;6;b'Closed';b'Closed'
4413;6;b'!';b'!'
4433;6;b'Resolve ticket';b'Resolve ticket'
4435;6;b'!';b'!'
4437;6;b'!';b'!'
4441;6;b'Wait';b'Resolve ticket'
4452;6;b'!';b'!'
4453;6;b'!';b'!'
4462;6;b'Require upgrade';b'Require upgrade'
4466;6;b'Resolve ticket';b'Resolve ticket'
4471;6;b'!';b'!'
4477;6;b'!';b'!'
4480;6;b'!';b'!'
4481;6;b'!';b'!'
4489;6;b'!';b'!'
4500;6;b'!';b'!'
4502;6;b'!';b'!'
4510;6;b'!';b'!'
4513;6;b'!';b'!'
4518;6;b'Take in charge ticket';b'Resolve ticket'
4527;6;b'!';b'!'
4537;6;b'!';b'!'
4542;6;b'!';b'!'
4553;6;b'Closed';b'Closed'
4560;6;b'Resolve ticket';b'Resolve ticket'
4563;6;b'Closed';b'Closed'
4564;6;b'!';b'!'
4566;6;b'Closed';b'Closed'
4567;6;b'!';b'!'
4568;6;b'!';b'!'
4572;6;b'!';b'!'
4127;7;b'Resolve ticket';b'Resolve ticket'
4170;7;b'Closed';b'Closed'
4206;7;b'Closed';b'Closed'
4224;7;b'Closed';b'Closed'
4236;7;b'!';b'!'
4249;7;b'Closed';b'Closed'
4272;7;b'!';b'!'
4279;7;b'Take in charge ticket';b'Take in charge ticket'
4283;7;b'Closed';b'!'
4284;7;b'!';b'!'
4326;7;b'Closed';b'Closed'
4328;7;b'!';b'!'
4337;7;b'!';b'!'
4352;7;b'!';b'!'
4374;7;b'Resolve ticket';b'Resolve ticket'
4377;7;b'!';b'!'
4380;7;b'Take in charge ticket';b'Closed'
4383;7;b'Closed';b'Closed'
4386;7;b'Closed';b'Closed'
4394;7;b'!';b'!'
4397;7;b'!';b'!'
4399;7;b'!';b'!'
4401;7;b'!';b'!'
4410;7;b'!';b'!'
4433;7;b'Closed';b'Closed'
4441;7;b'Take in charge ticket';b'Take in charge ticket'
4462;7;b'Create SW anomaly';b'Resolve ticket'
4466;7;b'Closed';b'Closed'
4518;7;b'Create SW anomaly';b'Resolve ticket'
4553;7;b'!';b'!'
4560;7;b'Closed';b'Closed'
4563;7;b'!';b'!'
4566;7;b'!';b'!'
4127;8;b'Closed';b'Closed'
4170;8;b'!';b'!'
4206;8;b'!';b'!'
4224;8;b'!';b'!'
4249;8;b'!';b'!'
4279;8;b'Resolve ticket';b'Resolve ticket'
4283;8;b'!';b'!'
4326;8;b'!';b'!'
4374;8;b'Closed';b'Closed'
4380;8;b'Wait';b'Resolve ticket'
4383;8;b'!';b'!'
4386;8;b'!';b'!'
4433;8;b'!';b'!'
4441;8;b'Resolve ticket';b'Resolve ticket'
4462;8;b'Resolve ticket';b'Resolve ticket'
4466;8;b'!';b'!'
4518;8;b'Resolve ticket';b'Resolve ticket'
4560;8;b'!';b'!'
4127;9;b'!';b'!'
4279;9;b'Closed';b'Closed'
4374;9;b'!';b'!'
4380;9;b'Take in charge ticket';b'Take in charge ticket'
4441;9;b'Closed';b'Closed'
4462;9;b'!';b'Closed'
4518;9;b'Closed';b'Closed'
4279;10;b'!';b'!'
4380;10;b'Resolve ticket';b'Resolve ticket'
4441;10;b'!';b'!'
4518;10;b'!';b'!'
4380;11;b'Closed';b'Closed'
4380;12;b'!';b'!'
